aecn37el,1cf91cf1-7b3f-3b74-8bee-b81d6c8712cf
exboot,a60401e3-d9c6-3f21-9032-0564bbc133dd
superhero,1b908ae6-531f-36fc-8215-77c24c0ec5b1
sisi_dmk,d816c1fb-69fc-3ec8-a1ec-e84855916874
merelyfather,e27c8ada-1d91-3376-bdf2-56f6fa44a57f
merept,6331899d-697a-339d-a99d-ca16434f94b4
shizhiya,5c117a76-c020-3669-8ee9-f5348ecec98f
kiki,5451b030-3fa6-37e7-a186-63d650b9bfd7
zemingchen,1e36b869-28d4-3380-b8f5-a7eee59535b3
ido,93ff969f-3e0f-3b57-98d0-eaf142e964ed
is_rainbow,01579926-2d61-36a5-a23a-56e5a3ca65c7
anyei,af5db02a-4167-39d3-a861-74046a0f1837
aloento,95eb3260-e1f0-34a6-96bc-c0f8b69b4679
xlong_0485,d180a252-3545-3343-9cc7-86e5af299d4f
goroadme,be145095-a040-30fe-8e7f-88629a86a247
